awardId,name
1,Best Picture
2,Best Director
3,Best Actor
4,Best Actress
5,Best Supporting Actor
6,Best Supporting Actress
7,Best Cinematography
8,Best Visual Effects
9,Best Screenplay
10,Best Adapted Screenplay
11,Best Original Score
12,Best Editing
13,Best Sound Mixing
14,Best Sound Design
15,Best Costume Design
16,Best Makeup and Hairstyling
17,Best Production Design
18,Best Animated Feature
19,Best Documentary Feature
20,Best International Feature
21,Audience Choice Award
22,Critics Choice Award
23,Best Ensemble Cast
24,Best Action Film
25,Best Comedy Film
26,Best Drama Film
27,Best Thriller Film
28,Best Sci-Fi Film
29,Best Franchise Film
30,Lifetime Achievement Award
